<?xml version="1.0" encoding="UTF-8"?>
<site>
   <description name="Aurora IDE update site" url="http://aurora-project.googlecode.com/svn/trunk/uncertain_ide_release/">
      Aurora Project in code.goolge.com .
   </description>
   <feature url="features/aurora.ide.feature_1.2.7.201110271735.jar" id="aurora.ide.feature" version="1.2.7.201110271735">
      <category name="aurora.ide"/>
   </feature>
   <feature url="features/aurora.ide.libs.feature_1.2.7.201110271735.jar" id="aurora.ide.libs.feature" version="1.2.7.201110271735">
      <category name="aurora.ide.libs"/>
   </feature>
   <category-def name="aurora.ide" label="Aurora IDE">
      <description>
         Aurora IDE
      </description>
   </category-def>
   <category-def name="aurora.ide.libs" label="Aurora IDE Library">
      <description>
         Aurora IDE 的外部依赖包
      </description>
   </category-def>
</site>
